x,y,study
0.9547589424051572,-0.37262476943121714,demo_rnorm_in_r
0.006376960289488353,-1.5249320599840366,demo_rnorm_in_r
0.9829730724910813,-0.11243680806842722,demo_rnorm_in_r
-0.8642197818943453,-1.5132850663218136,demo_rnorm_in_r
0.02201350932996044,-1.503581542647927,demo_rnorm_in_r
-1.9283139675039163,2.0263485619835246,demo_rnorm_in_r
1.170372249474929,1.2258948072779774,demo_rnorm_in_r
0.268980662785108,1.7317991689180503,demo_rnorm_in_r
0.5704596328574961,0.8113127427157207,demo_rnorm_in_r
-0.5231839121358199,1.1062371883663948,demo_rnorm_in_r
0.08595681069469749,-0.11829865281331968,demo_rnorm_in_r
-1.2129885773201872,1.8548394859420372,demo_rnorm_in_r
0.2337148031466521,0.23790029595341747,demo_rnorm_in_r
1.267107812770537,-1.3639709227101564,demo_rnorm_in_r
-0.43523938768687104,0.34011517211583703,demo_rnorm_in_r
0.5982679439476422,-0.052994820692483784,demo_rnorm_in_r
3.0789700546419048,0.18088309407059502,demo_rnorm_in_r
-1.1322625127097858,-1.015080818015954,demo_rnorm_in_r
-0.42015156674457427,-0.8099819622534677,demo_rnorm_in_r
0.057313066486403226,1.4237932322601374,demo_rnorm_in_r
0.14346134177540046,-0.050294620769008966,demo_rnorm_in_r
-0.22032778489003785,-0.13099035203350565,demo_rnorm_in_r
0.16461358841514084,-0.26129188485250243,demo_rnorm_in_r
-0.42647118970066367,1.0726264156630338,demo_rnorm_in_r
-0.8595858755024447,0.08696482400965376,demo_rnorm_in_r
1.0559568419866596,0.015835195056392255,demo_rnorm_in_r
0.4472831120443439,0.7325721442483281,demo_rnorm_in_r
-0.4614744563731701,0.1270127346527931,demo_rnorm_in_r
0.009514782140993614,-1.414152453941727,demo_rnorm_in_r
-0.05443458699404196,-1.1249623751343822,demo_rnorm_in_r
1.2263050094161687,-0.6101170802601348,demo_rnorm_in_r
-1.5502548239933547,0.3833372138195703,demo_rnorm_in_r
-0.19648514965041938,-0.08642001375392255,demo_rnorm_in_r
1.4470713965397854,-0.7256823729685257,demo_rnorm_in_r
-1.1500385551443277,-0.41360606263170213,demo_rnorm_in_r
0.6973444227623883,1.2554436247378178,demo_rnorm_in_r
-0.88850524064665,0.309480814939429,demo_rnorm_in_r
-0.49308573509365083,1.849388823554749,demo_rnorm_in_r
-0.7212810487620894,1.897385686308459,demo_rnorm_in_r
0.5075550123985092,-0.810055074014757,demo_rnorm_in_r
-0.09544311821792466,0.11352048935369517,demo_rnorm_in_r
-0.772701287553516,-0.5238216201034781,demo_rnorm_in_r
0.4455758116267779,-1.8195449029756667,demo_rnorm_in_r
0.34329132205847734,-1.418890975176808,demo_rnorm_in_r
0.04393646105129215,1.4591995113991878,demo_rnorm_in_r
0.5871556978282059,0.6377669094492012,demo_rnorm_in_r
0.5550816231683156,-0.561186178723773,demo_rnorm_in_r
-1.06809987378741,0.9761206985838676,demo_rnorm_in_r
1.4933308424627545,0.09910280808708395,demo_rnorm_in_r
0.8400143846525849,1.2574155116403927,demo_rnorm_in_r
-0.5263361853277682,0.7450067465142368,demo_rnorm_in_r
0.7426352900788051,-0.5582842122654003,demo_rnorm_in_r
0.2176856367310838,-0.3403987002525794,demo_rnorm_in_r
-0.18718386295033407,0.196618772474006,demo_rnorm_in_r
-0.03808795030772226,-0.7061760484002595,demo_rnorm_in_r
-1.7593755114898884,-1.7121831796478506,demo_rnorm_in_r
-1.3638415019768466,-1.7059262201183985,demo_rnorm_in_r
-0.8911450233065182,0.9671540313960484,demo_rnorm_in_r
0.7668747780989771,1.4608836079884937,demo_rnorm_in_r
-1.1861535711929723,0.2617946374588494,demo_rnorm_in_r
-0.5950149178479878,0.2146358762755821,demo_rnorm_in_r
1.723495979649161,-0.079635421135266,demo_rnorm_in_r
0.34198962327935106,-0.6465697150471879,demo_rnorm_in_r
-0.9550249013677459,-0.24087640597625817,demo_rnorm_in_r
-0.09532872177502466,0.5924049918311463,demo_rnorm_in_r
0.3008835146173582,-0.0862427690397256,demo_rnorm_in_r
-1.7359196004090933,0.21107727412867797,demo_rnorm_in_r
1.2623795741302137,0.7066169583738249,demo_rnorm_in_r
-0.12645531870875454,-0.29823127326887283,demo_rnorm_in_r
0.9966828161000417,-0.2732351023945899,demo_rnorm_in_r
1.775331840794373,-1.7486983519355481,demo_rnorm_in_r
-0.9455278755918604,0.533826305342963,demo_rnorm_in_r
-1.4173930266292094,0.07241872867093206,demo_rnorm_in_r
-0.7768517932814167,2.4967023729852706,demo_rnorm_in_r
1.0460672028542628,-0.48475768563701416,demo_rnorm_in_r
-1.5239137126995772,0.67464697550282815,demo_rnorm_in_r
-0.14858601575342198,0.18464466711070307,demo_rnorm_in_r
0.8081151354302964,0.16973402054735218,demo_rnorm_in_r
-0.32567853421732806,-0.2705574792320484,demo_rnorm_in_r
0.22247924518917814,-0.7936388939691857,demo_rnorm_in_r
1.056852321554776,0.3925397661546588,demo_rnorm_in_r
0.014827169940004804,0.29592065765053005,demo_rnorm_in_r
-0.16460921956852678,-1.0210880240730513,demo_rnorm_in_r
0.9209616871392848,0.03746833930424747,demo_rnorm_in_r
-1.2488996785952138,0.7730447590341247,demo_rnorm_in_r
1.0413522218862215,0.5361365232073986,demo_rnorm_in_r
-0.7265533905095352,0.5239448644186813,demo_rnorm_in_r
-0.6784411318109702,0.11280358013935139,demo_rnorm_in_r
-0.6509714626273184,-0.20712365024971202,demo_rnorm_in_r
1.3736300354267839,1.3067049931185677,demo_rnorm_in_r
0.49586790386704754,1.2485939816719054,demo_rnorm_in_r
-0.3817087104780991,0.9659090713568781,demo_rnorm_in_r
-0.14434622387536603,0.06822014844206929,demo_rnorm_in_r
0.5557373611534121,0.14232306792642185,demo_rnorm_in_r
0.37151012407710493,-0.3266505328924229,demo_rnorm_in_r
-1.5816775201248268,0.30988392350864374,demo_rnorm_in_r
0.6755131194742006,0.6742396602628413,demo_rnorm_in_r
-0.03668487831175268,-0.24649012961165923,demo_rnorm_in_r
-0.1533418330011693,-0.6562953290215299,demo_rnorm_in_r
-0.6417117698692932,-0.9367099835041451,demo_rnorm_in_r
